order_id,trade_signal_id,symbol,TF,order_type,zone_type,selected_zone_id,signalled_entry,signalled_sl,signalled_target,actual_filled_entry_price,broker_order_id,exchange_order_id,broker_symbol,broker_order_tag,broker_status,broker_filled_qty,broker_fill_timestamp,fill_timestamp,entry_slippage,OCO_confirmed_flag,which_leg_exited,actual_exit_price,exit_timestamp,retest_count,freshness_status_at_emission,penetration_pct,entry_tertile,engine_status,engine_generated_setups_count,match_reason,order_status_status,order_status_reason,profit_amount,profit_pct,loss_amount,loss_pct,mfe_R,mae_R,bars_after_fill,stock_quantity,purchased_cmp_date,purchased_on,is_trade_started,is_evaluated,filled_entry_price_source,exit_price_source,oco_source,selected_zone_source
164258,11536,hdfcbank,2,BUY,GDZ,TEST_X_GDZ_3428,741.91,733.58,760.38,741.91,,,,,,,,2026-08-04 11:15:00,0.0,UNKNOWN,SL,733.58,2026-08-05 12:15:00,0,FRESH_PASS,0.0,1,OK,1,PRICE_MATCH,failed,Stoploss hit,,,-8.33,-1.12,9.1104,4.4046,9,1.0,2026-08-03 11:09:00,2026-08-11 11:10:00,True,True,assumed_signal_entry_price_from_order_master,assumed_stoploss_price_from_order_master,order_master_has_no_oco_confirmation_column,raw_setup_payload.zones_X
164262,11540,sun_pharma,5,BUY,BZ,,1880.12,1856.31,1958.03,1880.12,,,,,,,,2026-08-18 11:27:00,0.0,UNKNOWN,TARGET,1958.03,2026-08-31 14:15:00,3,NON_FRESH_BLOCK_BY_G4,0.0,3,OK,0,NO_SAME_SIDE_SETUP,success,Target hit,77.91,4.14,,,,,0,1.0,2026-08-03 13:22:00,2026-08-03 13:23:00,True,True,assumed_signal_entry_price_from_order_master,assumed_target_price_from_order_master,order_master_has_no_oco_confirmation_column,raw_setup_payload.zones_X
164271,11549,titan,1,BUY,BZ,TEST_X_BZ_1636,4882.51,4799.31,5141.53,4882.51,,,,,,,,2026-08-05 05:30:00,0.0,UNKNOWN,TARGET,5141.53,2026-08-11 05:30:00,0,FRESH_PASS,0.0,1,OK,1,PRICE_MATCH,success,Target hit,259.02,5.31,,,-3.035,-8.4352,3,1.0,2026-08-04 17:41:00,2026-08-04 17:41:00,True,True,assumed_signal_entry_price_from_order_master,assumed_target_price_from_order_master,order_master_has_no_oco_confirmation_column,raw_setup_payload.zones_X
164272,11551,britannia_industries,2,BUY,SZ,,5333.99,5224.96,5640.5,5333.99,,,,,,,,2026-08-24 09:29:00,0.0,UNKNOWN,SL,5224.96,2026-08-31 14:15:00,0,FRESH_PASS,0.0,3,OK,0,NO_SAME_SIDE_SETUP,failed,Stoploss hit,,,-109.03,-2.04,,,0,1.0,2026-08-04 17:41:00,2026-08-04 17:41:00,True,True,assumed_signal_entry_price_from_order_master,assumed_stoploss_price_from_order_master,order_master_has_no_oco_confirmation_column,raw_setup_payload.zones_X
164283,11596,shriram_finance,1,BUY,BZ,TEST_X_BZ_1638,1088.93,1067.52,1179.91,1088.93,,,,,,,,2026-08-28 05:30:00,0.0,UNKNOWN,SL,1067.52,2026-08-31 05:30:00,0,FRESH_PASS,0.0,1,OK,1,PRICE_MATCH,failed,Stoploss hit,,,-21.41,-1.97,,,0,1.0,2026-08-06 16:00:00,2026-08-06 16:00:00,True,True,assumed_signal_entry_price_from_order_master,assumed_stoploss_price_from_order_master,order_master_has_no_oco_confirmation_column,raw_setup_payload.zones_X
164290,11562,bajaj_finance,6,BUY,BZ,,1104.7,1077.21,1175.29,1104.7,,,,,,,,2026-08-10 15:10:00,0.0,UNKNOWN,SL,1077.21,2026-08-19 13:05:00,0,FRESH_PASS,0.0,3,OK,0,NO_SAME_SIDE_SETUP,failed,Stoploss hit,,,-27.49,-2.49,,,0,1.0,2026-08-07 15:10:00,2026-08-07 13:02:00,True,True,assumed_signal_entry_price_from_order_master,assumed_stoploss_price_from_order_master,order_master_has_no_oco_confirmation_column,raw_setup_payload.zones_X
164293,11541,britannia_industries,5,BUY,BZ,,5382.06,5327.31,5517.38,5382.06,,,,,,,,2026-08-06 13:02:00,0.0,UNKNOWN,TARGET,5517.38,2026-08-07 09:15:00,0,FRESH_PASS,0.0,3,OK,0,NO_SAME_SIDE_SETUP,success,Target hit,135.32,2.51,,,-5.0879,-5.9737,1,1.0,2026-08-03 13:22:00,2026-08-11 17:10:00,True,True,assumed_signal_entry_price_from_order_master,assumed_target_price_from_order_master,order_master_has_no_oco_confirmation_column,raw_setup_payload.zones_X
164296,11623,shriram_finance,2,BUY,GDZ,TEST_X_GDZ_3422,1094.34,1073.12,1153.7,1094.34,,,,,,,,2026-08-27 09:55:00,0.0,UNKNOWN,SL,1073.12,2026-08-31 09:15:00,0,FRESH_PASS,0.0,1,OK,0,NO_SAME_SIDE_SETUP,failed,Stoploss hit,,,-21.22,-1.94,,,0,1.0,2026-08-12 13:42:00,2026-08-12 13:42:00,True,True,assumed_signal_entry_price_from_order_master,assumed_stoploss_price_from_order_master,order_master_has_no_oco_confirmation_column,raw_setup_payload.zones_X
164300,11630,britannia_industries,5,BUY,BZ,,5382.06,5326.49,5640.5,5382.06,,,,,,,,2026-08-21 09:25:00,0.0,UNKNOWN,SL,5326.49,2026-08-21 13:55:00,0,FRESH_PASS,0.0,3,OK,0,NO_SAME_SIDE_SETUP,failed,Stoploss hit,,,-55.57,-1.03,,,0,1.0,2026-08-12 13:42:00,2026-08-12 13:42:00,True,True,assumed_signal_entry_price_from_order_master,assumed_stoploss_price_from_order_master,order_master_has_no_oco_confirmation_column,raw_setup_payload.zones_X
164305,11652,shriram_finance,6,BUY,BZ,TEST_X_BZ_7355,1118.17,1104.75,1148.37,1118.17,,,,,,,,2026-08-14 13:25:00,0.0,UNKNOWN,SL,1104.75,2026-08-18 10:30:00,0,FRESH_PASS,0.0,1,OK,1,PRICE_MATCH,failed,Stoploss hit,,,-13.42,-1.2,,,0,1.0,2026-08-13 16:00:00,2026-08-13 16:00:00,True,True,assumed_signal_entry_price_from_order_master,assumed_stoploss_price_from_order_master,order_master_has_no_oco_confirmation_column,raw_setup_payload.zones_X
164306,11660,icicibank,2,BUY,GDZ,TEST_X_GDZ_3280,1391.68,1375.46,1441.9,1391.68,,,,,,,,2026-08-19 13:25:00,0.0,UNKNOWN,TARGET,1441.9,2026-08-26 09:16:00,1,FRESH_PASS,0.0,1,OK,1,PRICE_MATCH,success,Target hit,50.22,3.61,,,,,0,1.0,2026-08-14 16:00:00,2026-08-14 16:00:00,True,True,assumed_signal_entry_price_from_order_master,assumed_target_price_from_order_master,order_master_has_no_oco_confirmation_column,raw_setup_payload.zones_X
164308,11675,hindalco_industries,5,BUY,BZ,,1041.76,1025.0,1087.95,1041.76,,,,,,,,2026-08-18 13:27:00,0.0,UNKNOWN,SL,1025.0,2026-08-19 14:15:00,0,FRESH_PASS,0.0,3,OK,0,NO_SAME_SIDE_SETUP,failed,Stoploss hit,,,-16.76,-1.61,,,0,1.0,2026-08-18 12:09:00,2026-08-18 12:10:00,True,True,assumed_signal_entry_price_from_order_master,assumed_stoploss_price_from_order_master,order_master_has_no_oco_confirmation_column,raw_setup_payload.zones_X
164310,11708,shriram_finance,5,BUY,BZ,TEST_X_BZ_1480,1110.86,1094.94,1147.27,1110.86,,,,,,,,2026-08-26 09:18:00,0.0,UNKNOWN,SL,1094.94,2026-08-26 14:15:00,0,FRESH_PASS,0.0,1,OK,1,SAME_SIDE_FALLBACK,failed,Stoploss hit,,,-15.92,-1.43,,,0,1.0,2026-08-20 16:00:00,2026-08-20 16:00:00,True,True,assumed_signal_entry_price_from_order_master,assumed_stoploss_price_from_order_master,order_master_has_no_oco_confirmation_column,raw_setup_payload.zones_X
164311,11709,shriram_finance,6,BUY,GDZ,TEST_X_GDZ_7415,1117.17,1103.28,1153.7,1117.17,,,,,,,,2026-08-24 11:18:00,0.0,UNKNOWN,SL,1103.28,2026-08-27 09:15:00,0,FRESH_PASS,0.0,1,OK,1,PRICE_MATCH,failed,Stoploss hit,,,-13.89,-1.24,,,0,1.0,2026-08-20 16:00:00,2026-08-20 16:00:00,True,True,assumed_signal_entry_price_from_order_master,assumed_stoploss_price_from_order_master,order_master_has_no_oco_confirmation_column,raw_setup_payload.zones_X
164315,11721,shree_cement,1,BUY,BZ,TEST_X_BZ_1600,23735.6,23362.0,24760.0,23735.6,,,,,,,,2026-08-31 05:30:00,0.0,UNKNOWN,SL,23362.0,2026-08-31 05:30:00,0,FRESH_PASS,0.0,1,OK,1,PRICE_MATCH,failed,Stoploss hit,,,-373.6,-1.57,,,0,1.0,2026-08-21 17:26:00,2026-08-21 17:26:00,True,True,assumed_signal_entry_price_from_order_master,assumed_stoploss_price_from_order_master,order_master_has_no_oco_confirmation_column,raw_setup_payload.zones_X
164317,11725,bajaj_finance,2,BUY,GDZ,TEST_X_GDZ_3455,1087.93,1074.94,1144.6,1087.93,,,,,,,,2026-08-24 09:15:00,0.0,UNKNOWN,SL,1074.94,2026-08-25 09:15:00,0,FRESH_PASS,0.0,1,OK,1,PRICE_MATCH,failed,Stoploss hit,,,-12.99,-1.19,,,0,1.0,2026-08-21 17:26:00,2026-08-21 17:26:00,True,True,assumed_signal_entry_price_from_order_master,assumed_stoploss_price_from_order_master,order_master_has_no_oco_confirmation_column,raw_setup_payload.zones_X
164319,11728,hdfcbank,2,BUY,GDZ,TEST_X_GDZ_3463,725.15,717.681,759.54,725.15,,,,,,,,2026-08-24 12:42:00,0.0,UNKNOWN,SL,717.681,2026-08-27 09:15:00,0,FRESH_PASS,0.0,2,OK,1,PRICE_MATCH,failed,Stoploss hit,,,-7.47,-1.03,,,0,1.0,2026-08-21 17:26:00,2026-08-21 17:26:00,True,True,assumed_signal_entry_price_from_order_master,assumed_stoploss_price_from_order_master,order_master_has_no_oco_confirmation_column,raw_setup_payload.zones_X
164327,11745,cholamandalam_investment,25,BUY,BZ,TEST_X_BZ_2397,1842.4,1814.53,1901.96,1842.4,,,,,,,,2026-08-24 13:20:00,0.0,UNKNOWN,TARGET,1901.96,2026-08-25 15:00:00,0,FRESH_PASS,0.0,1,OK,1,SAME_SIDE_FALLBACK,success,Target hit,59.56,3.23,,,,,0,1.0,2026-08-21 17:26:00,2026-08-21 17:27:00,True,True,assumed_signal_entry_price_from_order_master,assumed_target_price_from_order_master,order_master_has_no_oco_confirmation_column,raw_setup_payload.zones_X
164328,11746,power_finance_corporation,25,BUY,BZ,TEST_X_BZ_1753,354.581,350.75,365.002,354.581,,,,,,,,2026-08-27 11:22:00,0.0,UNKNOWN,SL,350.75,2026-08-28 12:00:00,0,FRESH_PASS,0.0,1,OK,1,PRICE_MATCH,failed,Stoploss hit,,,-3.83,-1.08,,,0,1.0,2026-08-21 17:26:00,2026-08-21 17:27:00,True,True,assumed_signal_entry_price_from_order_master,assumed_stoploss_price_from_order_master,order_master_has_no_oco_confirmation_column,raw_setup_payload.zones_X
164334,11761,hindalco_industries,2,BUY,GDZ,TEST_X_GDZ_3455,1044.86,1027.66,1081.49,1044.86,,,,,,,,2026-08-25 09:51:00,0.0,UNKNOWN,SL,1027.66,2026-08-27 13:15:00,0,FRESH_PASS,0.0,1,OK,1,PRICE_MATCH,failed,Stoploss hit,,,-17.2,-1.65,,,0,1.0,2026-08-24 16:04:00,2026-08-24 16:05:00,True,True,assumed_signal_entry_price_from_order_master,assumed_stoploss_price_from_order_master,order_master_has_no_oco_confirmation_column,raw_setup_payload.zones_X
164341,11795,bajaj_finance,2,BUY,BZ,TEST_X_BZ_3448,1078.82,1064.87,1111.29,1078.82,,,,,,,,2026-08-28 09:15:00,0.0,UNKNOWN,SL,1064.87,2026-08-31 09:15:00,0,FRESH_PASS,0.0,1,OK,1,PRICE_MATCH,failed,Stoploss hit,,,-13.95,-1.29,,,0,1.0,2026-08-27 16:00:00,2026-08-27 16:00:00,True,True,assumed_signal_entry_price_from_order_master,assumed_stoploss_price_from_order_master,order_master_has_no_oco_confirmation_column,raw_setup_payload.zones_X
164342,11796,cholamandalam_investment,6,BUY,BZ,TEST_X_BZ_7397,1840.56,1815.83,1895.4,1840.56,,,,,,,,2026-08-31 09:15:00,0.0,UNKNOWN,SL,1815.83,2026-08-31 09:15:00,0,FRESH_PASS,0.0,3,OK,1,PRICE_MATCH,failed,Stoploss hit,,,-24.73,-1.34,,,0,1.0,2026-08-27 16:00:00,2026-08-27 16:01:00,True,True,assumed_signal_entry_price_from_order_master,assumed_stoploss_price_from_order_master,order_master_has_no_oco_confirmation_column,raw_setup_payload.zones_X
