order_id,symbol,time_frame,execute_timeframe,stop_timestamp,bar_number_after_stop,bar_timestamp,open,high,low,close,signalled_stop,signalled_target,target_touched_this_bar
164258,hdfcbank,2,sixty,2026-08-05 12:15:00,1,2026-08-05 13:15:00,734.3,735.25,733.2,733.65,733.58,760.38,False
164258,hdfcbank,2,sixty,2026-08-05 12:15:00,2,2026-08-05 14:15:00,733.7,736.0,732.6,734.65,733.58,760.38,False
164258,hdfcbank,2,sixty,2026-08-05 12:15:00,3,2026-08-05 15:15:00,734.65,735.0,734.65,735.0,733.58,760.38,False
164258,hdfcbank,2,sixty,2026-08-05 12:15:00,4,2026-08-06 09:15:00,739.0,740.5,734.6,735.0,733.58,760.38,False
164258,hdfcbank,2,sixty,2026-08-05 12:15:00,5,2026-08-06 10:15:00,735.0,735.0,733.55,734.35,733.58,760.38,False
164258,hdfcbank,2,sixty,2026-08-05 12:15:00,6,2026-08-06 11:15:00,734.45,736.75,734.4,735.55,733.58,760.38,False
164258,hdfcbank,2,sixty,2026-08-05 12:15:00,7,2026-08-06 12:15:00,735.65,738.7,735.0,735.8,733.58,760.38,False
164258,hdfcbank,2,sixty,2026-08-05 12:15:00,8,2026-08-06 13:15:00,735.75,736.7,734.6,736.1,733.58,760.38,False
164258,hdfcbank,2,sixty,2026-08-05 12:15:00,9,2026-08-06 14:15:00,736.1,736.3,733.6,734.0,733.58,760.38,False
164258,hdfcbank,2,sixty,2026-08-05 12:15:00,10,2026-08-06 15:15:00,734.0,734.3,734.0,734.3,733.58,760.38,False
164258,hdfcbank,2,sixty,2026-08-05 12:15:00,11,2026-08-07 09:15:00,733.0,736.0,732.9,734.25,733.58,760.38,False
164258,hdfcbank,2,sixty,2026-08-05 12:15:00,12,2026-08-07 10:15:00,734.25,734.7,732.7,733.9,733.58,760.38,False
164258,hdfcbank,2,sixty,2026-08-05 12:15:00,13,2026-08-07 11:15:00,733.85,734.25,732.3,732.4,733.58,760.38,False
164258,hdfcbank,2,sixty,2026-08-05 12:15:00,14,2026-08-07 12:15:00,732.5,733.4,732.05,732.6,733.58,760.38,False
164258,hdfcbank,2,sixty,2026-08-05 12:15:00,15,2026-08-07 13:15:00,732.7,733.4,728.2,728.95,733.58,760.38,False
164258,hdfcbank,2,sixty,2026-08-05 12:15:00,16,2026-08-07 14:15:00,729.0,732.95,728.5,732.5,733.58,760.38,False
164258,hdfcbank,2,sixty,2026-08-05 12:15:00,17,2026-08-07 15:15:00,732.45,732.45,731.0,731.0,733.58,760.38,False
164258,hdfcbank,2,sixty,2026-08-05 12:15:00,18,2026-08-10 09:15:00,731.5,735.0,728.5,734.9,733.58,760.38,False
164258,hdfcbank,2,sixty,2026-08-05 12:15:00,19,2026-08-10 10:15:00,734.95,737.55,733.5,734.8,733.58,760.38,False
164258,hdfcbank,2,sixty,2026-08-05 12:15:00,20,2026-08-10 11:15:00,734.85,735.3,733.35,734.85,733.58,760.38,False
164272,britannia_industries,2,sixty,2026-08-31 14:15:00,1,2026-08-31 15:15:00,5249.5,5250.0,5249.5,5250.0,5224.96,5640.5,False
164272,britannia_industries,2,sixty,2026-08-31 14:15:00,2,2026-09-01 09:15:00,5230.0,5256.0,5210.0,5215.0,5224.96,5640.5,False
164272,britannia_industries,2,sixty,2026-08-31 14:15:00,3,2026-09-01 10:15:00,5218.0,5225.5,5200.0,5220.0,5224.96,5640.5,False
164272,britannia_industries,2,sixty,2026-08-31 14:15:00,4,2026-09-01 11:15:00,5220.0,5220.5,5181.5,5190.0,5224.96,5640.5,False
164272,britannia_industries,2,sixty,2026-08-31 14:15:00,5,2026-09-01 12:15:00,5191.0,5192.0,5162.0,5162.5,5224.96,5640.5,False
164272,britannia_industries,2,sixty,2026-08-31 14:15:00,6,2026-09-01 13:15:00,5162.5,5170.5,5148.0,5151.5,5224.96,5640.5,False
164272,britannia_industries,2,sixty,2026-08-31 14:15:00,7,2026-09-01 14:15:00,5151.5,5188.0,5145.5,5170.0,5224.96,5640.5,False
164272,britannia_industries,2,sixty,2026-08-31 14:15:00,8,2026-09-01 15:15:00,5187.0,5187.0,5187.0,5187.0,5224.96,5640.5,False
164283,shriram_finance,1,daily,2026-08-31 05:30:00,1,2026-09-01 05:30:00,1099.0,1099.0,1050.6,1059.1,1067.52,1179.91,False
164290,bajaj_finance,6,twenty_five,2026-08-19 13:05:00,1,2026-08-19 13:30:00,1077.9,1080.5,1076.5,1079.4,1077.21,1175.29,False
164290,bajaj_finance,6,twenty_five,2026-08-19 13:05:00,2,2026-08-19 13:55:00,1079.7,1081.8,1078.5,1081.0,1077.21,1175.29,False
164290,bajaj_finance,6,twenty_five,2026-08-19 13:05:00,3,2026-08-19 14:20:00,1081.0,1084.2,1079.0,1079.2,1077.21,1175.29,False
164290,bajaj_finance,6,twenty_five,2026-08-19 13:05:00,4,2026-08-19 14:45:00,1079.0,1080.3,1077.7,1079.2,1077.21,1175.29,False
164290,bajaj_finance,6,twenty_five,2026-08-19 13:05:00,5,2026-08-19 15:10:00,1079.2,1101.2,1078.9,1098.2,1077.21,1175.29,False
164290,bajaj_finance,6,twenty_five,2026-08-19 13:05:00,6,2026-08-20 09:20:00,1098.2,1099.0,1092.3,1094.8,1077.21,1175.29,False
164290,bajaj_finance,6,twenty_five,2026-08-19 13:05:00,7,2026-08-20 09:45:00,1095.0,1097.2,1092.1,1095.3,1077.21,1175.29,False
164290,bajaj_finance,6,twenty_five,2026-08-19 13:05:00,8,2026-08-20 10:10:00,1095.3,1099.0,1093.2,1095.1,1077.21,1175.29,False
164290,bajaj_finance,6,twenty_five,2026-08-19 13:05:00,9,2026-08-20 10:35:00,1095.2,1102.3,1094.5,1100.3,1077.21,1175.29,False
164290,bajaj_finance,6,twenty_five,2026-08-19 13:05:00,10,2026-08-20 11:00:00,1100.7,1101.1,1095.0,1095.6,1077.21,1175.29,False
164290,bajaj_finance,6,twenty_five,2026-08-19 13:05:00,11,2026-08-20 11:25:00,1095.7,1097.0,1095.0,1095.5,1077.21,1175.29,False
164290,bajaj_finance,6,twenty_five,2026-08-19 13:05:00,12,2026-08-20 11:50:00,1095.6,1098.2,1095.1,1097.5,1077.21,1175.29,False
164290,bajaj_finance,6,twenty_five,2026-08-19 13:05:00,13,2026-08-20 12:15:00,1097.6,1099.2,1096.9,1099.1,1077.21,1175.29,False
164290,bajaj_finance,6,twenty_five,2026-08-19 13:05:00,14,2026-08-20 12:40:00,1099.2,1100.0,1095.8,1096.1,1077.21,1175.29,False
164290,bajaj_finance,6,twenty_five,2026-08-19 13:05:00,15,2026-08-20 13:05:00,1096.3,1097.3,1095.1,1095.8,1077.21,1175.29,False
164290,bajaj_finance,6,twenty_five,2026-08-19 13:05:00,16,2026-08-20 13:30:00,1095.9,1097.0,1093.6,1094.8,1077.21,1175.29,False
164290,bajaj_finance,6,twenty_five,2026-08-19 13:05:00,17,2026-08-20 13:55:00,1094.8,1096.9,1094.1,1095.0,1077.21,1175.29,False
164290,bajaj_finance,6,twenty_five,2026-08-19 13:05:00,18,2026-08-20 14:20:00,1095.0,1099.4,1094.3,1099.1,1077.21,1175.29,False
164290,bajaj_finance,6,twenty_five,2026-08-19 13:05:00,19,2026-08-20 14:45:00,1099.0,1100.4,1095.8,1096.6,1077.21,1175.29,False
164290,bajaj_finance,6,twenty_five,2026-08-19 13:05:00,20,2026-08-20 15:10:00,1096.5,1105.5,1093.7,1097.4,1077.21,1175.29,False
164296,shriram_finance,2,sixty,2026-08-31 09:15:00,1,2026-08-31 10:15:00,1063.3,1068.5,1061.6,1062.9,1073.12,1153.7,False
164296,shriram_finance,2,sixty,2026-08-31 09:15:00,2,2026-08-31 11:15:00,1063.4,1077.7,1063.2,1072.2,1073.12,1153.7,False
164296,shriram_finance,2,sixty,2026-08-31 09:15:00,3,2026-08-31 12:15:00,1072.5,1079.0,1071.5,1078.9,1073.12,1153.7,False
164296,shriram_finance,2,sixty,2026-08-31 09:15:00,4,2026-08-31 13:15:00,1079.0,1080.0,1075.2,1077.1,1073.12,1153.7,False
164296,shriram_finance,2,sixty,2026-08-31 09:15:00,5,2026-08-31 14:15:00,1077.4,1088.3,1073.9,1073.9,1073.12,1153.7,False
164296,shriram_finance,2,sixty,2026-08-31 09:15:00,6,2026-08-31 15:15:00,1073.9,1109.9,1073.9,1109.9,1073.12,1153.7,False
164296,shriram_finance,2,sixty,2026-08-31 09:15:00,7,2026-09-01 09:15:00,1099.0,1099.0,1065.4,1069.8,1073.12,1153.7,False
164296,shriram_finance,2,sixty,2026-08-31 09:15:00,8,2026-09-01 10:15:00,1069.7,1073.2,1067.9,1072.5,1073.12,1153.7,False
164296,shriram_finance,2,sixty,2026-08-31 09:15:00,9,2026-09-01 11:15:00,1072.1,1072.8,1063.4,1065.6,1073.12,1153.7,False
164296,shriram_finance,2,sixty,2026-08-31 09:15:00,10,2026-09-01 12:15:00,1065.1,1067.9,1062.2,1062.4,1073.12,1153.7,False
164296,shriram_finance,2,sixty,2026-08-31 09:15:00,11,2026-09-01 13:15:00,1062.2,1062.6,1051.5,1053.6,1073.12,1153.7,False
164296,shriram_finance,2,sixty,2026-08-31 09:15:00,12,2026-09-01 14:15:00,1053.5,1057.1,1050.6,1053.9,1073.12,1153.7,False
164296,shriram_finance,2,sixty,2026-08-31 09:15:00,13,2026-09-01 15:15:00,1059.1,1059.1,1059.1,1059.1,1073.12,1153.7,False
164300,britannia_industries,5,one_twenty_five,2026-08-21 13:55:00,1,2026-08-24 09:45:00,5341.0,5350.0,5294.0,5295.0,5326.49,5640.5,False
164300,britannia_industries,5,one_twenty_five,2026-08-21 13:55:00,2,2026-08-24 11:50:00,5295.5,5320.0,5285.0,5295.0,5326.49,5640.5,False
164300,britannia_industries,5,one_twenty_five,2026-08-21 13:55:00,3,2026-08-24 13:55:00,5298.0,5319.5,5286.0,5299.5,5326.49,5640.5,False
164300,britannia_industries,5,one_twenty_five,2026-08-21 13:55:00,4,2026-08-25 09:45:00,5297.5,5336.5,5294.0,5332.0,5326.49,5640.5,False
164300,britannia_industries,5,one_twenty_five,2026-08-21 13:55:00,5,2026-08-25 11:50:00,5330.5,5354.0,5323.0,5328.0,5326.49,5640.5,False
164300,britannia_industries,5,one_twenty_five,2026-08-21 13:55:00,6,2026-08-25 13:55:00,5327.5,5382.5,5324.0,5366.5,5326.49,5640.5,False
164300,britannia_industries,5,one_twenty_five,2026-08-21 13:55:00,7,2026-08-26 09:45:00,5367.0,5388.5,5343.0,5351.0,5326.49,5640.5,False
164300,britannia_industries,5,one_twenty_five,2026-08-21 13:55:00,8,2026-08-26 11:50:00,5353.0,5353.0,5329.5,5335.5,5326.49,5640.5,False
164300,britannia_industries,5,one_twenty_five,2026-08-21 13:55:00,9,2026-08-26 13:55:00,5334.5,5360.5,5310.0,5337.5,5326.49,5640.5,False
164300,britannia_industries,5,one_twenty_five,2026-08-21 13:55:00,10,2026-08-27 09:45:00,5338.0,5339.5,5311.0,5323.0,5326.49,5640.5,False
164300,britannia_industries,5,one_twenty_five,2026-08-21 13:55:00,11,2026-08-27 11:50:00,5324.0,5324.0,5283.5,5292.5,5326.49,5640.5,False
164300,britannia_industries,5,one_twenty_five,2026-08-21 13:55:00,12,2026-08-27 13:55:00,5292.0,5341.0,5277.5,5321.5,5326.49,5640.5,False
164300,britannia_industries,5,one_twenty_five,2026-08-21 13:55:00,13,2026-08-28 09:45:00,5320.0,5355.0,5289.0,5293.5,5326.49,5640.5,False
164300,britannia_industries,5,one_twenty_five,2026-08-21 13:55:00,14,2026-08-28 11:50:00,5295.5,5308.5,5276.5,5308.5,5326.49,5640.5,False
164300,britannia_industries,5,one_twenty_five,2026-08-21 13:55:00,15,2026-08-28 13:55:00,5305.5,5317.5,5249.0,5249.0,5326.49,5640.5,False
164300,britannia_industries,5,one_twenty_five,2026-08-21 13:55:00,16,2026-08-31 09:45:00,5250.0,5272.0,5245.0,5267.5,5326.49,5640.5,False
164300,britannia_industries,5,one_twenty_five,2026-08-21 13:55:00,17,2026-08-31 11:50:00,5269.0,5283.5,5257.0,5259.5,5326.49,5640.5,False
164300,britannia_industries,5,one_twenty_five,2026-08-21 13:55:00,18,2026-08-31 13:55:00,5259.5,5264.5,5215.0,5216.0,5326.49,5640.5,False
164300,britannia_industries,5,one_twenty_five,2026-08-21 13:55:00,19,2026-09-01 09:45:00,5215.0,5225.5,5185.0,5191.5,5326.49,5640.5,False
164300,britannia_industries,5,one_twenty_five,2026-08-21 13:55:00,20,2026-09-01 11:50:00,5194.0,5194.0,5153.0,5154.0,5326.49,5640.5,False
164305,shriram_finance,6,twenty_five,2026-08-18 10:30:00,1,2026-08-18 10:55:00,1099.9,1106.0,1099.3,1104.0,1104.75,1148.37,False
164305,shriram_finance,6,twenty_five,2026-08-18 10:30:00,2,2026-08-18 11:20:00,1104.0,1106.1,1101.7,1105.5,1104.75,1148.37,False
164305,shriram_finance,6,twenty_five,2026-08-18 10:30:00,3,2026-08-18 11:45:00,1105.3,1112.5,1104.3,1110.9,1104.75,1148.37,False
164305,shriram_finance,6,twenty_five,2026-08-18 10:30:00,4,2026-08-18 12:10:00,1111.5,1115.8,1109.9,1114.0,1104.75,1148.37,False
164305,shriram_finance,6,twenty_five,2026-08-18 10:30:00,5,2026-08-18 12:35:00,1114.6,1115.0,1112.2,1113.5,1104.75,1148.37,False
164305,shriram_finance,6,twenty_five,2026-08-18 10:30:00,6,2026-08-18 13:00:00,1113.6,1116.9,1112.5,1113.5,1104.75,1148.37,False
164305,shriram_finance,6,twenty_five,2026-08-18 10:30:00,7,2026-08-18 13:25:00,1113.6,1114.1,1110.9,1113.6,1104.75,1148.37,False
164305,shriram_finance,6,twenty_five,2026-08-18 10:30:00,8,2026-08-18 13:50:00,1113.7,1114.5,1111.9,1112.0,1104.75,1148.37,False
164305,shriram_finance,6,twenty_five,2026-08-18 10:30:00,9,2026-08-18 14:15:00,1112.0,1112.1,1108.9,1110.0,1104.75,1148.37,False
164305,shriram_finance,6,twenty_five,2026-08-18 10:30:00,10,2026-08-18 14:40:00,1109.9,1112.9,1109.5,1111.7,1104.75,1148.37,False
164305,shriram_finance,6,twenty_five,2026-08-18 10:30:00,11,2026-08-18 15:05:00,1111.4,1112.0,1106.0,1108.4,1104.75,1148.37,False
164305,shriram_finance,6,twenty_five,2026-08-18 10:30:00,12,2026-08-19 09:15:00,1108.4,1109.9,1098.2,1099.7,1104.75,1148.37,False
164305,shriram_finance,6,twenty_five,2026-08-18 10:30:00,13,2026-08-19 09:40:00,1100.0,1106.3,1099.7,1104.0,1104.75,1148.37,False
164305,shriram_finance,6,twenty_five,2026-08-18 10:30:00,14,2026-08-19 10:05:00,1104.2,1111.0,1103.7,1108.9,1104.75,1148.37,False
164305,shriram_finance,6,twenty_five,2026-08-18 10:30:00,15,2026-08-19 10:30:00,1108.8,1109.0,1105.4,1108.4,1104.75,1148.37,False
164305,shriram_finance,6,twenty_five,2026-08-18 10:30:00,16,2026-08-19 10:55:00,1108.5,1109.0,1105.2,1106.0,1104.75,1148.37,False
164305,shriram_finance,6,twenty_five,2026-08-18 10:30:00,17,2026-08-19 11:20:00,1105.9,1106.7,1103.6,1105.0,1104.75,1148.37,False
164305,shriram_finance,6,twenty_five,2026-08-18 10:30:00,18,2026-08-19 11:45:00,1105.2,1109.9,1103.7,1107.5,1104.75,1148.37,False
164305,shriram_finance,6,twenty_five,2026-08-18 10:30:00,19,2026-08-19 12:10:00,1107.8,1113.0,1105.2,1109.7,1104.75,1148.37,False
164305,shriram_finance,6,twenty_five,2026-08-18 10:30:00,20,2026-08-19 12:35:00,1109.7,1112.0,1108.4,1108.9,1104.75,1148.37,False
164308,hindalco_industries,5,one_twenty_five,2026-08-19 14:15:00,1,2026-08-20 10:05:00,1018.0,1033.5,1017.95,1029.85,1025.0,1087.95,False
164308,hindalco_industries,5,one_twenty_five,2026-08-19 14:15:00,2,2026-08-20 12:10:00,1030.1,1032.9,1026.45,1026.6,1025.0,1087.95,False
164308,hindalco_industries,5,one_twenty_five,2026-08-19 14:15:00,3,2026-08-20 14:15:00,1026.6,1040.45,1021.0,1036.1,1025.0,1087.95,False
164308,hindalco_industries,5,one_twenty_five,2026-08-19 14:15:00,4,2026-08-21 10:05:00,1036.0,1036.5,1029.45,1031.4,1025.0,1087.95,False
164308,hindalco_industries,5,one_twenty_five,2026-08-19 14:15:00,5,2026-08-21 12:10:00,1031.4,1039.9,1030.3,1038.5,1025.0,1087.95,False
164308,hindalco_industries,5,one_twenty_five,2026-08-19 14:15:00,6,2026-08-21 14:15:00,1039.0,1057.6,1033.65,1050.5,1025.0,1087.95,False
164308,hindalco_industries,5,one_twenty_five,2026-08-19 14:15:00,7,2026-08-24 10:05:00,1050.45,1058.5,1049.55,1054.15,1025.0,1087.95,False
164308,hindalco_industries,5,one_twenty_five,2026-08-19 14:15:00,8,2026-08-24 12:10:00,1054.35,1055.35,1048.8,1050.85,1025.0,1087.95,False
164308,hindalco_industries,5,one_twenty_five,2026-08-19 14:15:00,9,2026-08-24 14:15:00,1050.8,1058.5,1040.45,1046.95,1025.0,1087.95,False
164308,hindalco_industries,5,one_twenty_five,2026-08-19 14:15:00,10,2026-08-25 10:05:00,1046.95,1050.05,1044.05,1049.85,1025.0,1087.95,False
164308,hindalco_industries,5,one_twenty_five,2026-08-19 14:15:00,11,2026-08-25 12:10:00,1049.8,1051.6,1045.05,1045.5,1025.0,1087.95,False
164308,hindalco_industries,5,one_twenty_five,2026-08-19 14:15:00,12,2026-08-25 14:15:00,1045.85,1053.0,1039.15,1050.4,1025.0,1087.95,False
164308,hindalco_industries,5,one_twenty_five,2026-08-19 14:15:00,13,2026-08-26 10:05:00,1050.45,1051.55,1043.5,1044.5,1025.0,1087.95,False
164308,hindalco_industries,5,one_twenty_five,2026-08-19 14:15:00,14,2026-08-26 12:10:00,1044.5,1051.95,1043.4,1050.7,1025.0,1087.95,False
164308,hindalco_industries,5,one_twenty_five,2026-08-19 14:15:00,15,2026-08-26 14:15:00,1050.7,1061.8,1044.55,1045.85,1025.0,1087.95,False
164308,hindalco_industries,5,one_twenty_five,2026-08-19 14:15:00,16,2026-08-27 10:05:00,1045.8,1046.9,1036.6,1037.55,1025.0,1087.95,False
164308,hindalco_industries,5,one_twenty_five,2026-08-19 14:15:00,17,2026-08-27 12:10:00,1037.6,1038.0,1021.45,1022.8,1025.0,1087.95,False
164308,hindalco_industries,5,one_twenty_five,2026-08-19 14:15:00,18,2026-08-27 14:15:00,1022.8,1032.8,1020.05,1030.5,1025.0,1087.95,False
164308,hindalco_industries,5,one_twenty_five,2026-08-19 14:15:00,19,2026-08-28 10:05:00,1030.5,1034.6,1025.95,1027.9,1025.0,1087.95,False
164308,hindalco_industries,5,one_twenty_five,2026-08-19 14:15:00,20,2026-08-28 12:10:00,1027.9,1034.4,1026.7,1032.15,1025.0,1087.95,False
164310,shriram_finance,5,one_twenty_five,2026-08-26 14:15:00,1,2026-08-27 10:05:00,1097.5,1103.9,1091.5,1099.2,1094.94,1147.27,False
164310,shriram_finance,5,one_twenty_five,2026-08-26 14:15:00,2,2026-08-27 12:10:00,1099.2,1104.7,1098.7,1101.0,1094.94,1147.27,False
164310,shriram_finance,5,one_twenty_five,2026-08-26 14:15:00,3,2026-08-27 14:15:00,1101.0,1106.7,1091.0,1093.8,1094.94,1147.27,False
164310,shriram_finance,5,one_twenty_five,2026-08-26 14:15:00,4,2026-08-28 10:05:00,1093.9,1097.6,1086.5,1087.8,1094.94,1147.27,False
164310,shriram_finance,5,one_twenty_five,2026-08-26 14:15:00,5,2026-08-28 12:10:00,1087.5,1088.2,1085.4,1085.9,1094.94,1147.27,False
164310,shriram_finance,5,one_twenty_five,2026-08-26 14:15:00,6,2026-08-28 14:15:00,1085.9,1089.7,1060.1,1062.5,1094.94,1147.27,False
164310,shriram_finance,5,one_twenty_five,2026-08-26 14:15:00,7,2026-08-31 10:05:00,1062.9,1077.7,1061.6,1073.3,1094.94,1147.27,False
164310,shriram_finance,5,one_twenty_five,2026-08-26 14:15:00,8,2026-08-31 12:10:00,1073.9,1080.0,1071.5,1077.1,1094.94,1147.27,False
164310,shriram_finance,5,one_twenty_five,2026-08-26 14:15:00,9,2026-08-31 14:15:00,1077.4,1109.9,1065.4,1068.7,1094.94,1147.27,False
164310,shriram_finance,5,one_twenty_five,2026-08-26 14:15:00,10,2026-09-01 10:05:00,1068.4,1073.2,1063.4,1066.8,1094.94,1147.27,False
164310,shriram_finance,5,one_twenty_five,2026-08-26 14:15:00,11,2026-09-01 12:10:00,1066.6,1067.9,1051.5,1053.6,1094.94,1147.27,False
164311,shriram_finance,6,twenty_five,2026-08-27 09:15:00,1,2026-08-27 09:40:00,1099.5,1102.5,1094.0,1097.7,1103.28,1153.7,False
164311,shriram_finance,6,twenty_five,2026-08-27 09:15:00,2,2026-08-27 10:05:00,1097.5,1103.9,1096.5,1100.0,1103.28,1153.7,False
164311,shriram_finance,6,twenty_five,2026-08-27 09:15:00,3,2026-08-27 10:30:00,1100.3,1100.6,1092.1,1092.9,1103.28,1153.7,False
164311,shriram_finance,6,twenty_five,2026-08-27 09:15:00,4,2026-08-27 10:55:00,1093.0,1098.9,1091.5,1097.3,1103.28,1153.7,False
164311,shriram_finance,6,twenty_five,2026-08-27 09:15:00,5,2026-08-27 11:20:00,1097.3,1097.6,1094.2,1095.8,1103.28,1153.7,False
164311,shriram_finance,6,twenty_five,2026-08-27 09:15:00,6,2026-08-27 11:45:00,1096.3,1101.3,1094.7,1099.2,1103.28,1153.7,False
164311,shriram_finance,6,twenty_five,2026-08-27 09:15:00,7,2026-08-27 12:10:00,1099.2,1102.1,1098.7,1099.8,1103.28,1153.7,False
164311,shriram_finance,6,twenty_five,2026-08-27 09:15:00,8,2026-08-27 12:35:00,1099.6,1103.0,1099.5,1100.6,1103.28,1153.7,False
164311,shriram_finance,6,twenty_five,2026-08-27 09:15:00,9,2026-08-27 13:00:00,1100.5,1104.7,1099.6,1103.2,1103.28,1153.7,False
164311,shriram_finance,6,twenty_five,2026-08-27 09:15:00,10,2026-08-27 13:25:00,1103.2,1103.5,1100.6,1101.4,1103.28,1153.7,False
164311,shriram_finance,6,twenty_five,2026-08-27 09:15:00,11,2026-08-27 13:50:00,1100.9,1101.6,1100.0,1101.0,1103.28,1153.7,False
164311,shriram_finance,6,twenty_five,2026-08-27 09:15:00,12,2026-08-27 14:15:00,1101.0,1105.1,1100.2,1102.7,1103.28,1153.7,False
164311,shriram_finance,6,twenty_five,2026-08-27 09:15:00,13,2026-08-27 14:40:00,1102.5,1104.2,1101.3,1103.6,1103.28,1153.7,False
164311,shriram_finance,6,twenty_five,2026-08-27 09:15:00,14,2026-08-27 15:05:00,1103.6,1104.2,1100.8,1101.0,1103.28,1153.7,False
164311,shriram_finance,6,twenty_five,2026-08-27 09:15:00,15,2026-08-28 09:15:00,1105.0,1106.7,1091.0,1093.4,1103.28,1153.7,False
164311,shriram_finance,6,twenty_five,2026-08-27 09:15:00,16,2026-08-28 09:40:00,1093.5,1098.3,1091.9,1093.8,1103.28,1153.7,False
164311,shriram_finance,6,twenty_five,2026-08-27 09:15:00,17,2026-08-28 10:05:00,1093.9,1097.6,1091.9,1097.0,1103.28,1153.7,False
164311,shriram_finance,6,twenty_five,2026-08-27 09:15:00,18,2026-08-28 10:30:00,1097.0,1097.0,1093.5,1094.0,1103.28,1153.7,False
164311,shriram_finance,6,twenty_five,2026-08-27 09:15:00,19,2026-08-28 10:55:00,1094.0,1094.6,1091.0,1091.1,1103.28,1153.7,False
164311,shriram_finance,6,twenty_five,2026-08-27 09:15:00,20,2026-08-28 11:20:00,1091.2,1091.8,1087.5,1088.5,1103.28,1153.7,False
164315,shree_cement,1,daily,2026-08-31 05:30:00,1,2026-09-01 05:30:00,23605.0,23800.0,23310.0,23490.0,23362.0,24760.0,False
164317,bajaj_finance,2,sixty,2026-08-25 09:15:00,1,2026-08-25 10:15:00,1075.6,1077.2,1072.5,1077.2,1074.94,1144.6,False
164317,bajaj_finance,2,sixty,2026-08-25 09:15:00,2,2026-08-25 11:15:00,1077.2,1081.5,1075.4,1080.5,1074.94,1144.6,False
164317,bajaj_finance,2,sixty,2026-08-25 09:15:00,3,2026-08-25 12:15:00,1080.4,1080.7,1076.5,1076.7,1074.94,1144.6,False
164317,bajaj_finance,2,sixty,2026-08-25 09:15:00,4,2026-08-25 13:15:00,1077.1,1080.3,1075.8,1079.7,1074.94,1144.6,False
164317,bajaj_finance,2,sixty,2026-08-25 09:15:00,5,2026-08-25 14:15:00,1079.8,1085.3,1078.1,1082.0,1074.94,1144.6,False
164317,bajaj_finance,2,sixty,2026-08-25 09:15:00,6,2026-08-25 15:15:00,1082.0,1087.4,1082.0,1087.4,1074.94,1144.6,False
164317,bajaj_finance,2,sixty,2026-08-25 09:15:00,7,2026-08-26 09:15:00,1083.3,1095.0,1082.4,1088.6,1074.94,1144.6,False
164317,bajaj_finance,2,sixty,2026-08-25 09:15:00,8,2026-08-26 10:15:00,1088.5,1089.8,1084.3,1088.0,1074.94,1144.6,False
164317,bajaj_finance,2,sixty,2026-08-25 09:15:00,9,2026-08-26 11:15:00,1088.1,1090.0,1084.7,1089.0,1074.94,1144.6,False
164317,bajaj_finance,2,sixty,2026-08-25 09:15:00,10,2026-08-26 12:15:00,1089.0,1089.6,1085.8,1086.5,1074.94,1144.6,False
164317,bajaj_finance,2,sixty,2026-08-25 09:15:00,11,2026-08-26 13:15:00,1086.6,1088.5,1085.6,1087.7,1074.94,1144.6,False
164317,bajaj_finance,2,sixty,2026-08-25 09:15:00,12,2026-08-26 14:15:00,1087.7,1090.4,1085.9,1088.1,1074.94,1144.6,False
164317,bajaj_finance,2,sixty,2026-08-25 09:15:00,13,2026-08-26 15:15:00,1088.0,1088.0,1085.0,1085.0,1074.94,1144.6,False
164317,bajaj_finance,2,sixty,2026-08-25 09:15:00,14,2026-08-27 09:15:00,1090.0,1107.0,1090.0,1091.4,1074.94,1144.6,False
164317,bajaj_finance,2,sixty,2026-08-25 09:15:00,15,2026-08-27 10:15:00,1091.7,1092.6,1086.6,1089.1,1074.94,1144.6,False
164317,bajaj_finance,2,sixty,2026-08-25 09:15:00,16,2026-08-27 11:15:00,1089.1,1089.8,1087.4,1088.6,1074.94,1144.6,False
164317,bajaj_finance,2,sixty,2026-08-25 09:15:00,17,2026-08-27 12:15:00,1088.6,1090.0,1084.2,1087.2,1074.94,1144.6,False
164317,bajaj_finance,2,sixty,2026-08-25 09:15:00,18,2026-08-27 13:15:00,1087.2,1087.4,1084.3,1086.2,1074.94,1144.6,False
164317,bajaj_finance,2,sixty,2026-08-25 09:15:00,19,2026-08-27 14:15:00,1086.2,1088.1,1083.5,1085.0,1074.94,1144.6,False
164317,bajaj_finance,2,sixty,2026-08-25 09:15:00,20,2026-08-27 15:15:00,1085.0,1085.0,1083.0,1083.0,1074.94,1144.6,False
164319,hdfcbank,2,sixty,2026-08-27 09:15:00,1,2026-08-27 10:15:00,720.8,720.85,718.05,718.1,717.681,759.54,False
164319,hdfcbank,2,sixty,2026-08-27 09:15:00,2,2026-08-27 11:15:00,718.1,718.25,710.0,711.4,717.681,759.54,False
164319,hdfcbank,2,sixty,2026-08-27 09:15:00,3,2026-08-27 12:15:00,711.4,717.55,710.4,717.2,717.681,759.54,False
164319,hdfcbank,2,sixty,2026-08-27 09:15:00,4,2026-08-27 13:15:00,717.1,717.4,711.0,712.15,717.681,759.54,False
164319,hdfcbank,2,sixty,2026-08-27 09:15:00,5,2026-08-27 14:15:00,712.15,715.65,711.85,714.45,717.681,759.54,False
164319,hdfcbank,2,sixty,2026-08-27 09:15:00,6,2026-08-27 15:15:00,714.45,714.45,711.0,711.0,717.681,759.54,False
164319,hdfcbank,2,sixty,2026-08-27 09:15:00,7,2026-08-28 09:15:00,710.85,715.3,707.0,714.1,717.681,759.54,False
164319,hdfcbank,2,sixty,2026-08-27 09:15:00,8,2026-08-28 10:15:00,714.15,715.7,713.8,714.85,717.681,759.54,False
164319,hdfcbank,2,sixty,2026-08-27 09:15:00,9,2026-08-28 11:15:00,714.85,716.3,713.25,714.6,717.681,759.54,False
164319,hdfcbank,2,sixty,2026-08-27 09:15:00,10,2026-08-28 12:15:00,714.55,717.0,713.55,713.7,717.681,759.54,False
164319,hdfcbank,2,sixty,2026-08-27 09:15:00,11,2026-08-28 13:15:00,713.65,717.95,713.45,717.45,717.681,759.54,False
164319,hdfcbank,2,sixty,2026-08-27 09:15:00,12,2026-08-28 14:15:00,717.5,719.95,717.2,719.5,717.681,759.54,False
164319,hdfcbank,2,sixty,2026-08-27 09:15:00,13,2026-08-28 15:15:00,719.5,720.3,719.5,720.3,717.681,759.54,False
164319,hdfcbank,2,sixty,2026-08-27 09:15:00,14,2026-08-31 09:15:00,723.05,739.75,723.05,730.0,717.681,759.54,False
164319,hdfcbank,2,sixty,2026-08-27 09:15:00,15,2026-08-31 10:15:00,730.3,730.3,724.25,724.8,717.681,759.54,False
164319,hdfcbank,2,sixty,2026-08-27 09:15:00,16,2026-08-31 11:15:00,725.0,725.45,720.3,720.7,717.681,759.54,False
164319,hdfcbank,2,sixty,2026-08-27 09:15:00,17,2026-08-31 12:15:00,720.65,721.15,715.5,716.8,717.681,759.54,False
164319,hdfcbank,2,sixty,2026-08-27 09:15:00,18,2026-08-31 13:15:00,716.75,718.2,710.5,710.7,717.681,759.54,False
164319,hdfcbank,2,sixty,2026-08-27 09:15:00,19,2026-08-31 14:15:00,710.7,711.85,704.15,709.5,717.681,759.54,False
164319,hdfcbank,2,sixty,2026-08-27 09:15:00,20,2026-08-31 15:15:00,709.7,709.7,709.0,709.0,717.681,759.54,False
164328,power_finance_corporation,25,seventy_five,2026-08-28 12:00:00,1,2026-08-28 13:15:00,351.0,351.7,350.55,350.75,350.75,365.002,False
164328,power_finance_corporation,25,seventy_five,2026-08-28 12:00:00,2,2026-08-28 14:30:00,350.9,352.3,349.3,351.4,350.75,365.002,False
164328,power_finance_corporation,25,seventy_five,2026-08-28 12:00:00,3,2026-08-31 09:30:00,351.2,351.5,348.4,348.5,350.75,365.002,False
164328,power_finance_corporation,25,seventy_five,2026-08-28 12:00:00,4,2026-08-31 10:45:00,348.5,348.8,346.65,347.2,350.75,365.002,False
164328,power_finance_corporation,25,seventy_five,2026-08-28 12:00:00,5,2026-08-31 12:00:00,347.2,349.3,347.1,348.75,350.75,365.002,False
164328,power_finance_corporation,25,seventy_five,2026-08-28 12:00:00,6,2026-08-31 13:15:00,348.9,349.0,346.7,348.1,350.75,365.002,False
164328,power_finance_corporation,25,seventy_five,2026-08-28 12:00:00,7,2026-08-31 14:30:00,348.05,348.35,336.3,347.25,350.75,365.002,False
164328,power_finance_corporation,25,seventy_five,2026-08-28 12:00:00,8,2026-09-01 09:30:00,347.25,347.3,343.2,345.25,350.75,365.002,False
164328,power_finance_corporation,25,seventy_five,2026-08-28 12:00:00,9,2026-09-01 10:45:00,345.25,346.15,344.5,344.9,350.75,365.002,False
164328,power_finance_corporation,25,seventy_five,2026-08-28 12:00:00,10,2026-09-01 12:00:00,344.95,346.4,344.5,345.6,350.75,365.002,False
164328,power_finance_corporation,25,seventy_five,2026-08-28 12:00:00,11,2026-09-01 13:15:00,345.65,346.7,344.8,346.2,350.75,365.002,False
164334,hindalco_industries,2,sixty,2026-08-27 13:15:00,1,2026-08-27 14:15:00,1022.8,1026.1,1020.05,1021.85,1027.66,1081.49,False
164334,hindalco_industries,2,sixty,2026-08-27 13:15:00,2,2026-08-27 15:15:00,1021.0,1024.0,1021.0,1024.0,1027.66,1081.49,False
164334,hindalco_industries,2,sixty,2026-08-27 13:15:00,3,2026-08-28 09:15:00,1030.0,1032.8,1027.1,1031.85,1027.66,1081.49,False
164334,hindalco_industries,2,sixty,2026-08-27 13:15:00,4,2026-08-28 10:15:00,1032.0,1034.55,1029.3,1034.55,1027.66,1081.49,False
164334,hindalco_industries,2,sixty,2026-08-27 13:15:00,5,2026-08-28 11:15:00,1034.5,1034.6,1025.95,1027.35,1027.66,1081.49,False
164334,hindalco_industries,2,sixty,2026-08-27 13:15:00,6,2026-08-28 12:15:00,1027.35,1033.6,1026.7,1033.3,1027.66,1081.49,False
164334,hindalco_industries,2,sixty,2026-08-27 13:15:00,7,2026-08-28 13:15:00,1033.25,1034.4,1031.8,1032.15,1027.66,1081.49,False
164334,hindalco_industries,2,sixty,2026-08-27 13:15:00,8,2026-08-28 14:15:00,1032.25,1036.1,1030.6,1035.0,1027.66,1081.49,False
164334,hindalco_industries,2,sixty,2026-08-27 13:15:00,9,2026-08-28 15:15:00,1035.0,1037.4,1035.0,1037.4,1027.66,1081.49,False
164334,hindalco_industries,2,sixty,2026-08-27 13:15:00,10,2026-08-31 09:15:00,1029.9,1029.9,1005.4,1009.85,1027.66,1081.49,False
164334,hindalco_industries,2,sixty,2026-08-27 13:15:00,11,2026-08-31 10:15:00,1009.85,1012.9,1008.9,1011.95,1027.66,1081.49,False
164334,hindalco_industries,2,sixty,2026-08-27 13:15:00,12,2026-08-31 11:15:00,1011.95,1018.75,1009.05,1016.0,1027.66,1081.49,False
164334,hindalco_industries,2,sixty,2026-08-27 13:15:00,13,2026-08-31 12:15:00,1016.05,1018.95,1013.3,1018.6,1027.66,1081.49,False
164334,hindalco_industries,2,sixty,2026-08-27 13:15:00,14,2026-08-31 13:15:00,1018.6,1022.8,1017.85,1022.0,1027.66,1081.49,False
164334,hindalco_industries,2,sixty,2026-08-27 13:15:00,15,2026-08-31 14:15:00,1022.05,1026.4,1015.0,1022.45,1027.66,1081.49,False
164334,hindalco_industries,2,sixty,2026-08-27 13:15:00,16,2026-08-31 15:15:00,1017.35,1017.35,1015.45,1015.45,1027.66,1081.49,False
164334,hindalco_industries,2,sixty,2026-08-27 13:15:00,17,2026-09-01 09:15:00,1023.0,1033.9,1020.6,1024.3,1027.66,1081.49,False
164334,hindalco_industries,2,sixty,2026-08-27 13:15:00,18,2026-09-01 10:15:00,1024.5,1029.8,1023.0,1027.6,1027.66,1081.49,False
164334,hindalco_industries,2,sixty,2026-08-27 13:15:00,19,2026-09-01 11:15:00,1028.0,1031.0,1023.6,1024.0,1027.66,1081.49,False
164334,hindalco_industries,2,sixty,2026-08-27 13:15:00,20,2026-09-01 12:15:00,1024.1,1024.5,1021.3,1021.7,1027.66,1081.49,False
164341,bajaj_finance,2,sixty,2026-08-31 09:15:00,1,2026-08-31 10:15:00,1059.2,1059.3,1052.3,1052.6,1064.87,1111.29,False
164341,bajaj_finance,2,sixty,2026-08-31 09:15:00,2,2026-08-31 11:15:00,1052.8,1063.5,1052.0,1060.7,1064.87,1111.29,False
164341,bajaj_finance,2,sixty,2026-08-31 09:15:00,3,2026-08-31 12:15:00,1060.7,1064.1,1060.1,1062.1,1064.87,1111.29,False
164341,bajaj_finance,2,sixty,2026-08-31 09:15:00,4,2026-08-31 13:15:00,1062.3,1064.6,1059.0,1059.0,1064.87,1111.29,False
164341,bajaj_finance,2,sixty,2026-08-31 09:15:00,5,2026-08-31 14:15:00,1059.2,1067.5,1057.2,1064.4,1064.87,1111.29,False
164341,bajaj_finance,2,sixty,2026-08-31 09:15:00,6,2026-08-31 15:15:00,1064.4,1064.4,1057.0,1057.0,1064.87,1111.29,False
164341,bajaj_finance,2,sixty,2026-08-31 09:15:00,7,2026-09-01 09:15:00,1065.0,1067.0,1051.0,1051.7,1064.87,1111.29,False
164341,bajaj_finance,2,sixty,2026-08-31 09:15:00,8,2026-09-01 10:15:00,1051.9,1056.1,1051.6,1055.5,1064.87,1111.29,False
164341,bajaj_finance,2,sixty,2026-08-31 09:15:00,9,2026-09-01 11:15:00,1055.9,1057.5,1055.0,1055.8,1064.87,1111.29,False
164341,bajaj_finance,2,sixty,2026-08-31 09:15:00,10,2026-09-01 12:15:00,1055.9,1061.4,1055.0,1058.0,1064.87,1111.29,False
164341,bajaj_finance,2,sixty,2026-08-31 09:15:00,11,2026-09-01 13:15:00,1058.1,1058.5,1050.3,1051.0,1064.87,1111.29,False
164341,bajaj_finance,2,sixty,2026-08-31 09:15:00,12,2026-09-01 14:15:00,1051.0,1052.5,1047.0,1048.7,1064.87,1111.29,False
164341,bajaj_finance,2,sixty,2026-08-31 09:15:00,13,2026-09-01 15:15:00,1053.9,1053.9,1053.9,1053.9,1064.87,1111.29,False
164342,cholamandalam_investment,6,twenty_five,2026-08-31 09:15:00,1,2026-08-31 09:40:00,1819.7,1822.0,1810.2,1815.1,1815.83,1895.4,False
164342,cholamandalam_investment,6,twenty_five,2026-08-31 09:15:00,2,2026-08-31 10:05:00,1815.6,1820.8,1812.4,1818.2,1815.83,1895.4,False
164342,cholamandalam_investment,6,twenty_five,2026-08-31 09:15:00,3,2026-08-31 10:30:00,1817.8,1818.6,1807.5,1809.6,1815.83,1895.4,False
164342,cholamandalam_investment,6,twenty_five,2026-08-31 09:15:00,4,2026-08-31 10:55:00,1809.5,1814.6,1808.2,1812.4,1815.83,1895.4,False
164342,cholamandalam_investment,6,twenty_five,2026-08-31 09:15:00,5,2026-08-31 11:20:00,1812.4,1828.4,1810.7,1826.1,1815.83,1895.4,False
164342,cholamandalam_investment,6,twenty_five,2026-08-31 09:15:00,6,2026-08-31 11:45:00,1826.1,1830.0,1825.4,1829.3,1815.83,1895.4,False
164342,cholamandalam_investment,6,twenty_five,2026-08-31 09:15:00,7,2026-08-31 12:10:00,1829.4,1835.1,1828.7,1832.1,1815.83,1895.4,False
164342,cholamandalam_investment,6,twenty_five,2026-08-31 09:15:00,8,2026-08-31 12:35:00,1832.1,1834.8,1829.8,1833.0,1815.83,1895.4,False
164342,cholamandalam_investment,6,twenty_five,2026-08-31 09:15:00,9,2026-08-31 13:00:00,1833.1,1841.3,1832.9,1840.0,1815.83,1895.4,False
164342,cholamandalam_investment,6,twenty_five,2026-08-31 09:15:00,10,2026-08-31 13:25:00,1838.8,1842.4,1833.5,1833.8,1815.83,1895.4,False
164342,cholamandalam_investment,6,twenty_five,2026-08-31 09:15:00,11,2026-08-31 13:50:00,1834.8,1835.0,1825.5,1828.7,1815.83,1895.4,False
164342,cholamandalam_investment,6,twenty_five,2026-08-31 09:15:00,12,2026-08-31 14:15:00,1827.5,1832.4,1826.6,1832.1,1815.83,1895.4,False
164342,cholamandalam_investment,6,twenty_five,2026-08-31 09:15:00,13,2026-08-31 14:40:00,1832.0,1841.0,1829.7,1830.3,1815.83,1895.4,False
164342,cholamandalam_investment,6,twenty_five,2026-08-31 09:15:00,14,2026-08-31 15:05:00,1830.1,1857.4,1829.5,1857.4,1815.83,1895.4,False
164342,cholamandalam_investment,6,twenty_five,2026-08-31 09:15:00,15,2026-09-01 09:15:00,1851.1,1851.5,1815.7,1816.4,1815.83,1895.4,False
164342,cholamandalam_investment,6,twenty_five,2026-08-31 09:15:00,16,2026-09-01 09:40:00,1816.0,1825.2,1812.4,1823.4,1815.83,1895.4,False
164342,cholamandalam_investment,6,twenty_five,2026-08-31 09:15:00,17,2026-09-01 10:05:00,1823.4,1827.3,1820.7,1826.8,1815.83,1895.4,False
164342,cholamandalam_investment,6,twenty_five,2026-08-31 09:15:00,18,2026-09-01 10:30:00,1826.3,1829.0,1821.7,1827.0,1815.83,1895.4,False
164342,cholamandalam_investment,6,twenty_five,2026-08-31 09:15:00,19,2026-09-01 10:55:00,1827.5,1834.0,1824.5,1832.4,1815.83,1895.4,False
164342,cholamandalam_investment,6,twenty_five,2026-08-31 09:15:00,20,2026-09-01 11:20:00,1832.4,1833.3,1827.2,1827.3,1815.83,1895.4,False
